{
    "loss": 15.702995300292969,
    "accuracy": 0.5686274766921997
}